{
  "X_mean": [
    39.357009345794395,
    0.5121495327102804,
    30.56039719626167,
    1.1074766355140186,
    0.205607476635514,
    1.5084112149532711
  ],
  "X_scale": [
    14.06738198513853,
    0.49985236705943786,
    6.0405610006065,
    1.2154150811749627,
    0.40414482823251807,
    1.1146535856260413
  ],
  "y_mean": [
    13346.089736364485
  ],
  "y_scale": [
    12013.8928717193
  ],
  "feature_names": [
    "age",
    "sex",
    "bmi",
    "children",
    "smoker",
    "region"
  ]
}