{
  "mean": [
    53.84877384196185,
    0.7888283378746594,
    0.771117166212534,
    132.87465940054497,
    203.2275204359673,
    0.22888283378746593,
    0.9931880108991825,
    136.3773841961853,
    0.4087193460490463,
    0.8651226158038153,
    1.3623978201634876
  ],
  "scale": [
    9.43414098939104,
    0.4081399162549047,
    0.9621924356773949,
    18.068009148333545,
    108.3281987442353,
    0.420113653890091,
    0.6252693589097492,
    25.814694518879637,
    0.49159723576753916,
    1.0562433683035641,
    0.5992754251590873
  ],
  "feature_names": [
    "Age",
    "Sex",
    "ChestPainType",
    "RestingBP",
    "Cholesterol",
    "FastingBS",
    "RestingECG",
    "MaxHR",
    "ExerciseAngina",
    "Oldpeak",
    "ST_Slope"
  ]
}